"","V1","V2","V3","V4","V5","V6","V7","V8","V9","V10"
"Topic 1 :","algorithmic","circuitry","activ","algorithmic","cellular","algorithmic","database","database","functional","algorithmic"
"Topic 2 :","database","database","algorithmic","database","functional","functional","erties","functional","informational","chir"
"Topic 3 :","functional","fifteen","functional","inquiry","inquiry","inquiry","functional","inquiry","learnt","circuitry"
"Topic 4 :","inquiry","functional","learnt","learnt","modeled","learnt","inquiry","modeled","modeled","curried"
"Topic 5 :","learnt","modeled","modeled","modeled","netxvork","modeled","modeled","netxvork","netxvork","davies"
"Topic 6 :","modeled","motivate","netxvork","netxvork","neurally","netxvork","netxvork","neurally","neurally","fifteen"
"Topic 7 :","netxvork","netxvork","problematic","setpoint","outseg","neurally","neurally","neuronal","outseg","flower"
"Topic 8 :","pointed","neurally","resultant","trajec","setpoint","pointed","setpoint","outseg","signaled","motivate"
"Topic 9 :","setpoint","systematic","systematic","unitary","systematic","systematic","systematic","systematic","spikes","netxvork"
"Topic 10 :","systematic","unitary","trajec","weighted","unitary","trajec","trajec","visualisation","systematic","optically"
"Topic 11 :","erties","algorithmic","algorithmic","database","algorithmic","erties","erties","algorithmic","algorithmic","algorithmic"
"Topic 12 :","inquiry","database","erties","inquiry","componential","functional","inquiry","distributional","database","functional"
"Topic 13 :","learnt","distributional","functional","learnt","database","inquiry","learnt","functional","erties","inquiry"
"Topic 14 :","netxvork","erties","inquiry","modeled","eel","learnt","modeled","learnt","functional","learnt"
"Topic 15 :","neurally","gausstan","learnt","netxvork","eyes","modeled","netxvork","netxvork","learnt","netxvork"
"Topic 16 :","setpoint","hierar","modeled","objection","functional","netxvork","neurally","numbered","netxvork","neurally"
"Topic 17 :","systematic","learnt","netxvork","setpoint","mapped","neurally","patterned","probable","neurally","outseg"
"Topic 18 :","trajec","modeled","neurally","vectorial","modeled","resultant","trajec","resultant","setpoint","setpoint"
"Topic 19 :","weighted","netxvork","setpoint","weighted","soma","setpoint","unitary","setpoint","trajec","trajec"
"Topic 20 :","wordspotter","unitary","trajec","wordspotter","vectorial","systematic","weighted","weighted","weighted","unitary"
"Topic 21 :","functional","cellular","algorithmic","dynamical","database","cellular","cellular","algorithmic","cellular","functional"
"Topic 22 :","inquiry","database","controllable","fifteen","erties","classifies","fifteen","database","circuitry","inquiry"
"Topic 23 :","learnt","functional","database","functional","inquiry","functional","inquiry","functional","curried","modeled"
"Topic 24 :","modeled","inquiry","functional","learnt","instructive","inquiry","learnt","learnt","inquiry","netxvork"
"Topic 25 :","netxvork","modeled","learnt","modeled","learnt","netxvork","modeled","methodologies","modeled","neurally"
"Topic 26 :","neurally","netxvork","methodologies","netxvork","modeled","neurally","netxvork","modeled","netxvork","neuronal"
"Topic 27 :","outseg","neurally","modeled","neurally","netxvork","problematic","neurally","netxvork","neurally","setpoint"
"Topic 28 :","setpoint","recognizable","netxvork","neuronal","neurally","solv","systematic","problematic","neuronal","signaled"
"Topic 29 :","systematic","setpoint","neurally","parameterised","systematic","trajec","tat","setpoint","synaptically","trajec"
"Topic 30 :","trajec","systematic","systematic","systematic","weighted","unitary","visualisation","trajec","systematic","unitary"
